tid, title
pov.1,"How to fight the affordable housing and climate crises at once"
pov.2,"Firms who refuse to fund cladding repairs could face trading ban"
pov.3,"How the homelessness crisis hit one of California’s most affordable cities"
pov.4,"Business Sense | Lessons learned from past housing crunches"
pov.5,"Inflation Remains Relentless"
pov.6,"Community Land Trusts Fight for Neighborhood Affordability"
pov.7,"Climate change is spurring a movement to build stormproof homes"
pov.8,"Canada’s Tax Free First Home Savings Account (FHSA): Saver Account for Downpayments"
pov.9,"People can own property without breaking the bank"
pov.10,"Finding housing with a criminal record is hard. HUD wants to change that"

